Maturity,DLT,LLFR Weight,Input Rate,Bootstrapped Zero Rate CC,Basic RFR
1,1,0.0,0.08196,0.07877421116422534,0.08196
2,0,0.0,,0.07509129523867197,0.07798
3,1,0.0,0.07666,0.07386365659682086,0.07666
4,0,0.0,,0.0718926605588654,0.07454
5,1,0.0,0.07327,0.07071006293609211,0.07327
6,0,0.0,,0.06899057523184872,0.07143
7,0,0.0,,0.06776236972881773,0.07011
8,0,0.0,,0.06684121560154446,0.06913
9,1,1.0,0.06836,0.06612476239144303,0.06836
10,0,0.0,,,0.06759
11,0,0.0,,,0.06669
12,0,0.0,,,0.06573
13,0,0.0,,,0.06473
14,0,0.0,,,0.06372
15,0,0.0,,,0.06273
16,0,0.0,,,0.06175
17,0,0.0,,,0.0608
18,0,0.0,,,0.05988
19,0,0.0,,,0.059
20,0,0.0,,,0.05815
21,0,0.0,,,0.05733
22,0,0.0,,,0.05656
23,0,0.0,,,0.05581
24,0,0.0,,,0.0551
25,0,0.0,,,0.05442
26,0,0.0,,,0.05377
27,0,0.0,,,0.05316
28,0,0.0,,,0.05257
29,0,0.0,,,0.052
30,0,0.0,,,0.05147
31,0,0.0,,,0.05096
32,0,0.0,,,0.05047
33,0,0.0,,,0.05
34,0,0.0,,,0.04955
35,0,0.0,,,0.04913
36,0,0.0,,,0.04872
37,0,0.0,,,0.04833
38,0,0.0,,,0.04796
39,0,0.0,,,0.0476
40,0,0.0,0.03206,,0.04726
41,0,0.0,,,0.04693
42,0,0.0,,,0.04662
43,0,0.0,,,0.04632
44,0,0.0,,,0.04603
45,0,0.0,,,0.04575
46,0,0.0,,,0.04548
47,0,0.0,,,0.04522
48,0,0.0,,,0.04498
49,0,0.0,,,0.04474
50,0,0.0,0.03131,,0.04451
51,0,0.0,,,0.04429
52,0,0.0,,,0.04408
53,0,0.0,,,0.04387
54,0,0.0,,,0.04367
55,0,0.0,,,0.04348
56,0,0.0,,,0.0433
57,0,0.0,,,0.04312
58,0,0.0,,,0.04294
59,0,0.0,,,0.04278
60,0,0.0,,,0.04261
61,0,0.0,,,0.04246
62,0,0.0,,,0.04231
63,0,0.0,,,0.04216
64,0,0.0,,,0.04202
65,0,0.0,,,0.04188
66,0,0.0,,,0.04174
67,0,0.0,,,0.04161
68,0,0.0,,,0.04149
69,0,0.0,,,0.04136
70,0,0.0,,,0.04124
71,0,0.0,,,0.04113
72,0,0.0,,,0.04102
73,0,0.0,,,0.04091
74,0,0.0,,,0.0408
75,0,0.0,,,0.04069
76,0,0.0,,,0.04059
77,0,0.0,,,0.04049
78,0,0.0,,,0.0404
79,0,0.0,,,0.0403
80,0,0.0,,,0.04021
81,0,0.0,,,0.04012
82,0,0.0,,,0.04004
83,0,0.0,,,0.03995
84,0,0.0,,,0.03987
85,0,0.0,,,0.03979
86,0,0.0,,,0.03971
87,0,0.0,,,0.03963
88,0,0.0,,,0.03956
89,0,0.0,,,0.03948
90,0,0.0,,,0.03941
91,0,0.0,,,0.03934
92,0,0.0,,,0.03927
93,0,0.0,,,0.0392
94,0,0.0,,,0.03914
95,0,0.0,,,0.03907
96,0,0.0,,,0.03901
97,0,0.0,,,0.03895
98,0,0.0,,,0.03889
99,0,0.0,,,0.03883
100,0,0.0,,,0.03877
101,0,0.0,,,0.03871
102,0,0.0,,,0.03865
103,0,0.0,,,0.0386
104,0,0.0,,,0.03855
105,0,0.0,,,0.03849
106,0,0.0,,,0.03844
107,0,0.0,,,0.03839
108,0,0.0,,,0.03834
109,0,0.0,,,0.03829
110,0,0.0,,,0.03824
111,0,0.0,,,0.03819
112,0,0.0,,,0.03815
113,0,0.0,,,0.0381
114,0,0.0,,,0.03806
115,0,0.0,,,0.03801
116,0,0.0,,,0.03797
117,0,0.0,,,0.03793
118,0,0.0,,,0.03789
119,0,0.0,,,0.03784
120,0,0.0,,,0.0378
121,0,0.0,,,0.03776
122,0,0.0,,,0.03773
123,0,0.0,,,0.03769
124,0,0.0,,,0.03765
125,0,0.0,,,0.03761
126,0,0.0,,,0.03757
127,0,0.0,,,0.03754
128,0,0.0,,,0.0375
129,0,0.0,,,0.03747
130,0,0.0,,,0.03743
131,0,0.0,,,0.0374
132,0,0.0,,,0.03737
133,0,0.0,,,0.03733
134,0,0.0,,,0.0373
135,0,0.0,,,0.03727
136,0,0.0,,,0.03724
137,0,0.0,,,0.03721
138,0,0.0,,,0.03718
139,0,0.0,,,0.03715
140,0,0.0,,,0.03712
141,0,0.0,,,0.03709
142,0,0.0,,,0.03706
143,0,0.0,,,0.03703
144,0,0.0,,,0.037
145,0,0.0,,,0.03697
146,0,0.0,,,0.03695
147,0,0.0,,,0.03692
148,0,0.0,,,0.03689
149,0,0.0,,,0.03687
150,0,0.0,,,0.03684
