Maturity,DLT,LLFR Weight,Input Rate,Bootstrapped Zero Rate CC,Basic RFR
1,1,0.0,0.02176,0.02054744788766011,0.02076
2,1,0.0,0.022621,0.021399700138290276,0.02163
3,1,0.0,0.023795,0.022571905389420662,0.02283
4,1,0.0,0.0248,0.023582646760839848,0.02386
5,1,0.0,0.02569,0.024485358883467947,0.02479
6,1,0.0,0.02651,0.02532526896412836,0.02565
7,1,0.0,0.02732,0.02616507065864051,0.02651
8,1,0.0,0.028,0.026875499361115326,0.02724
9,1,0.0,0.028631,0.027542410725610724,0.02793
10,1,0.0,0.02927,0.02822863211931414,0.02863
11,1,0.0,0.02979,0.02878973817672721,0.02921
12,1,0.0,0.03027,0.029314001142934108,0.02975
13,1,0.0,0.030779,0.02988233940070138,0.03033
14,0,0.0,0.031124,0.030267219112807952,0.03073
15,1,0.0,0.03143,0.030600781529967036,0.03107
16,0,0.0,0.031742,0.030847219075108626,0.03133
17,0,0.0,0.03196,0.031064663967880525,0.03155
18,0,0.0,0.032131,0.031257948317011,0.03175
19,0,0.0,0.032272,0.03143088694518068,0.03193
20,1,0.33,0.03233,0.031586531710533036,0.03209
21,0,0.0,0.03246,0.031607778069325444,0.03212
22,0,0.0,0.032511,0.03162709294095482,0.03215
23,0,0.0,0.032542,0.031644728258529396,0.03218
24,0,0.0,0.032551,0.03166089396630611,0.03221
25,1,0.12,0.0325,0.03167576641746081,0.03224
26,0,0.0,0.03254,0.0316261467633329,0.03226
27,0,0.0,0.032528,0.031580202639140596,0.03229
28,0,0.0,0.03251,0.03153754023810485,0.03231
29,0,0.0,0.03249,0.03149782007162318,0.03233
30,1,0.48,0.032431,0.03146074791624052,0.03235
31,0,0.0,,0.031364925819551574,0.03237
32,0,0.0,,0.03127509260390592,0.03238
33,0,0.0,,0.031190703825571986,0.0324
34,0,0.0,,0.03111127909302233,0.03242
35,0,0.0,,0.031036392916618565,0.03243
36,0,0.0,,0.030965667083348167,0.03245
37,0,0.0,,0.030898764268092595,0.03246
38,0,0.0,,0.030835382653639724,0.03247
39,0,0.0,,0.030775251378389736,0.03249
40,1,0.04,0.03206,0.030718126666902122,0.0325
41,0,0.0,,0.030539900774968282,0.03251
42,0,0.0,,0.03037016183026937,0.03252
43,0,0.0,,0.030208317720207652,0.03253
44,0,0.0,,0.030053830160603073,0.03254
45,0,0.0,,0.02990620871475889,0.03255
46,0,0.0,,0.029765005592647074,0.03256
47,0,0.0,,0.02962981111402942,0.03257
48,0,0.0,,0.029500249738687357,0.03258
49,0,0.0,,0.02937597658274708,0.03259
50,1,0.03,0.03131,0.02925667435304452,0.0326
51,0,0.0,,,0.0326
52,0,0.0,,,0.03261
53,0,0.0,,,0.03262
54,0,0.0,,,0.03263
55,0,0.0,,,0.03263
56,0,0.0,,,0.03264
57,0,0.0,,,0.03265
58,0,0.0,,,0.03265
59,0,0.0,,,0.03266
60,0,0.0,,,0.03266
61,0,0.0,,,0.03267
62,0,0.0,,,0.03267
63,0,0.0,,,0.03268
64,0,0.0,,,0.03268
65,0,0.0,,,0.03269
66,0,0.0,,,0.03269
67,0,0.0,,,0.0327
68,0,0.0,,,0.0327
69,0,0.0,,,0.03271
70,0,0.0,,,0.03271
71,0,0.0,,,0.03272
72,0,0.0,,,0.03272
73,0,0.0,,,0.03272
74,0,0.0,,,0.03273
75,0,0.0,,,0.03273
76,0,0.0,,,0.03273
77,0,0.0,,,0.03274
78,0,0.0,,,0.03274
79,0,0.0,,,0.03274
80,0,0.0,,,0.03275
81,0,0.0,,,0.03275
82,0,0.0,,,0.03275
83,0,0.0,,,0.03276
84,0,0.0,,,0.03276
85,0,0.0,,,0.03276
86,0,0.0,,,0.03276
87,0,0.0,,,0.03277
88,0,0.0,,,0.03277
89,0,0.0,,,0.03277
90,0,0.0,,,0.03278
91,0,0.0,,,0.03278
92,0,0.0,,,0.03278
93,0,0.0,,,0.03278
94,0,0.0,,,0.03278
95,0,0.0,,,0.03279
96,0,0.0,,,0.03279
97,0,0.0,,,0.03279
98,0,0.0,,,0.03279
99,0,0.0,,,0.0328
100,0,0.0,,,0.0328
101,0,0.0,,,0.0328
102,0,0.0,,,0.0328
103,0,0.0,,,0.0328
104,0,0.0,,,0.03281
105,0,0.0,,,0.03281
106,0,0.0,,,0.03281
107,0,0.0,,,0.03281
108,0,0.0,,,0.03281
109,0,0.0,,,0.03281
110,0,0.0,,,0.03282
111,0,0.0,,,0.03282
112,0,0.0,,,0.03282
113,0,0.0,,,0.03282
114,0,0.0,,,0.03282
115,0,0.0,,,0.03282
116,0,0.0,,,0.03283
117,0,0.0,,,0.03283
118,0,0.0,,,0.03283
119,0,0.0,,,0.03283
120,0,0.0,,,0.03283
121,0,0.0,,,0.03283
122,0,0.0,,,0.03283
123,0,0.0,,,0.03284
124,0,0.0,,,0.03284
125,0,0.0,,,0.03284
126,0,0.0,,,0.03284
127,0,0.0,,,0.03284
128,0,0.0,,,0.03284
129,0,0.0,,,0.03284
130,0,0.0,,,0.03284
131,0,0.0,,,0.03285
132,0,0.0,,,0.03285
133,0,0.0,,,0.03285
134,0,0.0,,,0.03285
135,0,0.0,,,0.03285
136,0,0.0,,,0.03285
137,0,0.0,,,0.03285
138,0,0.0,,,0.03285
139,0,0.0,,,0.03285
140,0,0.0,,,0.03286
141,0,0.0,,,0.03286
142,0,0.0,,,0.03286
143,0,0.0,,,0.03286
144,0,0.0,,,0.03286
145,0,0.0,,,0.03286
146,0,0.0,,,0.03286
147,0,0.0,,,0.03286
148,0,0.0,,,0.03286
149,0,0.0,,,0.03286
150,0,0.0,,,0.03287
